{
  "fill" : {
    "automatic-gradient" : "extended-srgb:0.00000,0.47843,1.00000,1.00000"
  },
  "groups" : [
    {
      "layers" : [
        {
          "image-name" : "expo-symbol 2.svg",
          "name" : "expo-symbol 2",
          "position" : {
            "scale" : 1,
            "translation-in-points" : [
              1.1008400065293245e-05,
              -16.046875
            ]
          }
        },
        {
          "image-name" : "grid.png",
          "name" : "grid"
        }
      ],
      "shadow" : {
        "kind" : "neutral",
        "opacity" : 0.5
      },
      "translucency" : {
        "enabled" : true,
        "value" : 0.5
      }
    }
  ],
  "supported-platforms" : {
    "circles" : [
      "watchOS"
    ],
    "squares" : "shared"
  }
}